municipality_code,prefecture,municipality,entity_type,population_total,population_foreign,as_of,source_total_row,source_foreign_row
010006,北海道,-,prefecture_total,4996492,75392,2026-01-01,8,8
011011,北海道,札幌市中央区,administrative_ward,246194,4604,2026-01-01,10,10
011029,北海道,札幌市北区,administrative_ward,283977,4448,2026-01-01,11,11
011037,北海道,札幌市東区,administrative_ward,260821,2895,2026-01-01,12,12
011045,北海道,札幌市白石区,administrative_ward,213986,2644,2026-01-01,13,13
011053,北海道,札幌市豊平区,administrative_ward,228467,2669,2026-01-01,14,14
011061,北海道,札幌市南区,administrative_ward,132229,1517,2026-01-01,15,15
011070,北海道,札幌市西区,administrative_ward,219151,1791,2026-01-01,16,16
011088,北海道,札幌市厚別区,administrative_ward,122487,1176,2026-01-01,17,17
011096,北海道,札幌市手稲区,administrative_ward,139160,1153,2026-01-01,18,18
011100,北海道,札幌市清田区,administrative_ward,108116,984,2026-01-01,19,19
020001,青森県,-,prefecture_total,1166578,9212,2026-01-01,204,204
023001,青森県,東津軽郡,district_total,18665,148,2026-01-01,215,215
023205,青森県,西津軽郡,district_total,14834,81,2026-01-01,220,220
023400,青森県,中津軽郡,district_total,1166,0,2026-01-01,223,223
023604,青森県,南津軽郡,district_total,29231,52,2026-01-01,225,225
023809,青森県,北津軽郡,district_total,32295,167,2026-01-01,229,229
024007,青森県,上北郡,district_total,89824,1539,2026-01-01,233,233
024201,青森県,下北郡,district_total,13042,48,2026-01-01,241,241
024406,青森県,三戸郡,district_total,58359,394,2026-01-01,246,246
030007,岩手県,-,prefecture_total,1136186,12278,2026-01-01,253,253
033006,岩手県,岩手郡,district_total,30986,244,2026-01-01,268,268
033201,岩手県,紫波郡,district_total,58479,264,2026-01-01,272,272
033600,岩手県,和賀郡,district_total,4486,40,2026-01-01,275,275
033804,岩手県,胆沢郡,district_total,15068,327,2026-01-01,277,277
034002,岩手県,西磐井郡,district_total,6539,54,2026-01-01,279,279
034401,岩手県,気仙郡,district_total,4547,131,2026-01-01,281,281
034606,岩手県,上閉伊郡,district_total,10213,83,2026-01-01,283,283
034801,岩手県,下閉伊郡,district_total,26177,225,2026-01-01,285,285
035009,岩手県,九戸郡,district_total,30774,264,2026-01-01,290,290
035203,岩手県,二戸郡,district_total,10311,190,2026-01-01,295,295
040002,宮城県,-,prefecture_total,2209215,32270,2026-01-01,297,297
041017,宮城県,仙台市青葉区,administrative_ward,296662,9141,2026-01-01,299,299
041025,宮城県,仙台市宮城野区,administrative_ward,186936,3143,2026-01-01,300,300
041033,宮城県,仙台市若林区,administrative_ward,138248,1986,2026-01-01,301,301
041041,宮城県,仙台市太白区,administrative_ward,235122,2891,2026-01-01,302,302
041050,宮城県,仙台市泉区,administrative_ward,206230,2114,2026-01-01,303,303
043001,宮城県,刈田郡,district_total,11860,227,2026-01-01,317,317
043206,宮城県,柴田郡,district_total,76604,666,2026-01-01,320,320
043401,宮城県,伊具郡,district_total,11274,176,2026-01-01,325,325
043605,宮城県,亘理郡,district_total,43726,410,2026-01-01,327,327
044008,宮城県,宮城郡,district_total,65874,532,2026-01-01,330,330
044202,宮城県,黒川郡,district_total,40735,729,2026-01-01,334,334
044407,宮城県,加美郡,district_total,26540,312,2026-01-01,338,338
045004,宮城県,遠田郡,district_total,36487,244,2026-01-01,341,341
045802,宮城県,牡鹿郡,district_total,5723,320,2026-01-01,344,344
046001,宮城県,本吉郡,district_total,11195,213,2026-01-01,346,346
050008,秋田県,-,prefecture_total,890524,6255,2026-01-01,348,348
053007,秋田県,鹿角郡,district_total,4297,63,2026-01-01,362,362
053201,秋田県,北秋田郡,district_total,1789,20,2026-01-01,364,364
053406,秋田県,山本郡,district_total,22340,162,2026-01-01,366,366
053601,秋田県,南秋田郡,district_total,19597,38,2026-01-01,370,370
054208,秋田県,仙北郡,district_total,17087,71,2026-01-01,375,375
054607,秋田県,雄勝郡,district_total,14977,241,2026-01-01,377,377
060003,山形県,-,prefecture_total,995995,10882,2026-01-01,380,380
063002,山形県,東村山郡,district_total,23389,169,2026-01-01,394,394
063207,山形県,西村山郡,district_total,33344,588,2026-01-01,397,397
063401,山形県,北村山郡,district_total,5754,60,2026-01-01,402,402
063606,山形県,最上郡,district_total,32537,356,2026-01-01,404,404
063801,山形県,東置賜郡,district_total,33937,321,2026-01-01,412,412
064009,山形県,西置賜郡,district_total,24344,304,2026-01-01,415,415
064203,山形県,東田川郡,district_total,25682,214,2026-01-01,419,419
064602,山形県,飽海郡,district_total,11818,74,2026-01-01,422,422
070009,福島県,-,prefecture_total,1746008,21297,2026-01-01,424,424
073008,福島県,伊達郡,district_total,29891,303,2026-01-01,438,438
073202,福島県,安達郡,district_total,8782,36,2026-01-01,442,442
073407,福島県,岩瀬郡,district_total,17434,237,2026-01-01,444,444
073601,福島県,南会津郡,district_total,21672,210,2026-01-01,447,447
074004,福島県,耶麻郡,district_total,22902,255,2026-01-01,452,452
074209,福島県,河沼郡,district_total,19606,164,2026-01-01,457,457
074403,福島県,大沼郡,district_total,21851,86,2026-01-01,461,461
074608,福島県,西白河郡,district_total,48074,1066,2026-01-01,466,466
074802,福島県,東白川郡,district_total,27843,415,2026-01-01,471,471
075001,福島県,石川郡,district_total,34589,510,2026-01-01,476,476
075205,福島県,田村郡,district_total,24434,307,2026-01-01,482,482
075400,福島県,双葉郡,district_total,54211,643,2026-01-01,485,485
075604,福島県,相馬郡,district_total,11663,143,2026-01-01,494,494
080004,茨城県,-,prefecture_total,2830667,109520,2026-01-01,497,497
083003,茨城県,東茨城郡,district_total,62738,2350,2026-01-01,530,530
083402,茨城県,那珂郡,district_total,38121,457,2026-01-01,534,534
083607,茨城県,久慈郡,district_total,14047,131,2026-01-01,536,536
084409,茨城県,稲敷郡,district_total,71637,2432,2026-01-01,538,538
085201,茨城県,結城郡,district_total,20882,2150,2026-01-01,542,542
085405,茨城県,猿島郡,district_total,32445,2405,2026-01-01,544,544
085600,茨城県,北相馬郡,district_total,15735,1594,2026-01-01,547,547
090000,栃木県,-,prefecture_total,1889901,60645,2026-01-01,549,549
093009,栃木県,河内郡,district_total,30404,753,2026-01-01,564,564
093408,栃木県,芳賀郡,district_total,58190,1050,2026-01-01,566,566
093602,栃木県,下都賀郡,district_total,62773,1496,2026-01-01,571,571
093807,栃木県,塩谷郡,district_total,38146,615,2026-01-01,574,574
094005,栃木県,那須郡,district_total,37113,734,2026-01-01,577,577
100005,群馬県,-,prefecture_total,1893893,87538,2026-01-01,580,580
103403,群馬県,北群馬郡,district_total,37368,604,2026-01-01,593,593
103608,群馬県,多野郡,district_total,2439,45,2026-01-01,596,596
103802,群馬県,甘楽郡,district_total,19616,387,2026-01-01,599,599
104205,群馬県,吾妻郡,district_total,49031,2184,2026-01-01,603,603
104400,群馬県,利根郡,district_total,30170,1439,2026-01-01,610,610
104604,群馬県,佐波郡,district_total,35309,1656,2026-01-01,615,615
105201,群馬県,邑楽郡,district_total,101373,12344,2026-01-01,617,617
110001,埼玉県,-,prefecture_total,7368548,286262,2026-01-01,623,623
111015,埼玉県,さいたま市西区,administrative_ward,95911,1811,2026-01-01,625,625
111023,埼玉県,さいたま市北区,administrative_ward,152004,3297,2026-01-01,626,626
111031,埼玉県,さいたま市大宮区,administrative_ward,127730,3957,2026-01-01,627,627
111040,埼玉県,さいたま市見沼区,administrative_ward,165914,4303,2026-01-01,628,628
111058,埼玉県,さいたま市中央区,administrative_ward,103423,2502,2026-01-01,629,629
111066,埼玉県,さいたま市桜区,administrative_ward,96386,4115,2026-01-01,630,630
111074,埼玉県,さいたま市浦和区,administrative_ward,170297,4504,2026-01-01,631,631
111082,埼玉県,さいたま市南区,administrative_ward,196039,7427,2026-01-01,632,632
111091,埼玉県,さいたま市緑区,administrative_ward,136252,2741,2026-01-01,633,633
111104,埼玉県,さいたま市岩槻区,administrative_ward,112028,3587,2026-01-01,634,634
113000,埼玉県,北足立郡,district_total,44824,913,2026-01-01,674,674
113204,埼玉県,入間郡,district_total,79339,2303,2026-01-01,676,676
113409,埼玉県,比企郡,district_total,122388,3424,2026-01-01,680,680
113603,埼玉県,秩父郡,district_total,34567,433,2026-01-01,688,688
113808,埼玉県,児玉郡,district_total,53596,2506,2026-01-01,694,694
114006,埼玉県,大里郡,district_total,31441,1181,2026-01-01,698,698
114405,埼玉県,南埼玉郡,district_total,33282,674,2026-01-01,700,700
114600,埼玉県,北葛飾郡,district_total,70813,1707,2026-01-01,702,702
120006,千葉県,-,prefecture_total,6313748,254956,2026-01-01,705,705
121011,千葉県,千葉市中央区,administrative_ward,220144,9792,2026-01-01,707,707
121029,千葉県,千葉市花見川区,administrative_ward,177274,8150,2026-01-01,708,708
121037,千葉県,千葉市稲毛区,administrative_ward,158325,5936,2026-01-01,709,709
121045,千葉県,千葉市若葉区,administrative_ward,146463,6318,2026-01-01,710,710
121053,千葉県,千葉市緑区,administrative_ward,128662,2328,2026-01-01,711,711
121061,千葉県,千葉市美浜区,administrative_ward,155737,10937,2026-01-01,712,712
123200,千葉県,印旛郡,district_total,39524,1783,2026-01-01,749,749
123404,千葉県,香取郡,district_total,31067,1345,2026-01-01,752,752
124001,千葉県,山武郡,district_total,42049,1561,2026-01-01,756,756
124206,千葉県,長生郡,district_total,55177,1074,2026-01-01,760,760
124401,千葉県,夷隅郡,district_total,14545,213,2026-01-01,767,767
124605,千葉県,安房郡,district_total,6540,138,2026-01-01,770,770
130001,東京都,-,prefecture_total,14077553,783702,2026-01-01,772,772
133001,東京都,西多摩郡,district_total,54035,1520,2026-01-01,822,822
133604,東京都,島しょ,district_total,22627,408,2026-01-01,827,827
140007,神奈川県,-,prefecture_total,9194723,309815,2026-01-01,837,837
141011,神奈川県,横浜市鶴見区,administrative_ward,297274,18370,2026-01-01,839,839
141020,神奈川県,横浜市神奈川区,administrative_ward,247956,10828,2026-01-01,840,840
141038,神奈川県,横浜市西区,administrative_ward,107346,6706,2026-01-01,841,841
141046,神奈川県,横浜市中区,administrative_ward,156177,19664,2026-01-01,842,842
141054,神奈川県,横浜市南区,administrative_ward,200857,14553,2026-01-01,843,843
141062,神奈川県,横浜市保土ケ谷区,administrative_ward,202805,7488,2026-01-01,844,844
141071,神奈川県,横浜市磯子区,administrative_ward,164724,6995,2026-01-01,845,845
141089,神奈川県,横浜市金沢区,administrative_ward,190971,4485,2026-01-01,846,846
141097,神奈川県,横浜市港北区,administrative_ward,360166,9608,2026-01-01,847,847
141101,神奈川県,横浜市戸塚区,administrative_ward,280558,5745,2026-01-01,848,848
141119,神奈川県,横浜市港南区,administrative_ward,210696,3843,2026-01-01,849,849
141127,神奈川県,横浜市旭区,administrative_ward,241178,4968,2026-01-01,850,850
141135,神奈川県,横浜市緑区,administrative_ward,181096,6026,2026-01-01,851,851
141143,神奈川県,横浜市瀬谷区,administrative_ward,121342,2751,2026-01-01,852,852
141151,神奈川県,横浜市栄区,administrative_ward,119942,1775,2026-01-01,853,853
141160,神奈川県,横浜市泉区,administrative_ward,150615,2798,2026-01-01,854,854
141178,神奈川県,横浜市青葉区,administrative_ward,305580,6418,2026-01-01,855,855
141186,神奈川県,横浜市都筑区,administrative_ward,214032,4779,2026-01-01,856,856
141313,神奈川県,川崎市川崎区,administrative_ward,235109,21679,2026-01-01,858,858
141321,神奈川県,川崎市幸区,administrative_ward,176277,7864,2026-01-01,859,859
141330,神奈川県,川崎市中原区,administrative_ward,265547,7930,2026-01-01,860,860
141348,神奈川県,川崎市高津区,administrative_ward,232764,7069,2026-01-01,861,861
141356,神奈川県,川崎市多摩区,administrative_ward,220615,7048,2026-01-01,862,862
141364,神奈川県,川崎市宮前区,administrative_ward,234512,5691,2026-01-01,863,863
141372,神奈川県,川崎市麻生区,administrative_ward,177710,4316,2026-01-01,864,864
141518,神奈川県,相模原市緑区,administrative_ward,165183,4587,2026-01-01,866,866
141526,神奈川県,相模原市中央区,administrative_ward,270572,8747,2026-01-01,867,867
141534,神奈川県,相模原市南区,administrative_ward,278681,8804,2026-01-01,868,868
143006,神奈川県,三浦郡,district_total,31458,333,2026-01-01,885,885
143201,神奈川県,高座郡,district_total,48702,1385,2026-01-01,887,887
143405,神奈川県,中郡,district_total,58633,672,2026-01-01,889,889
143600,神奈川県,足柄上郡,district_total,64102,1303,2026-01-01,892,892
143804,神奈川県,足柄下郡,district_total,39885,2200,2026-01-01,898,898
144002,神奈川県,愛甲郡,district_total,41822,4030,2026-01-01,902,902
150002,新潟県,-,prefecture_total,2083103,26262,2026-01-01,905,905
151017,新潟県,新潟市北区,administrative_ward,69469,1081,2026-01-01,907,907
151025,新潟県,新潟市東区,administrative_ward,129856,1336,2026-01-01,908,908
151033,新潟県,新潟市中央区,administrative_ward,171442,2594,2026-01-01,909,909
151041,新潟県,新潟市江南区,administrative_ward,67281,528,2026-01-01,910,910
151050,新潟県,新潟市秋葉区,administrative_ward,73239,348,2026-01-01,911,911
151068,新潟県,新潟市南区,administrative_ward,41641,349,2026-01-01,912,912
151076,新潟県,新潟市西区,administrative_ward,150900,1392,2026-01-01,913,913
151084,新潟県,新潟市西蒲区,administrative_ward,51634,389,2026-01-01,914,914
153001,新潟県,北蒲原郡,district_total,14018,352,2026-01-01,934,934
153401,新潟県,西蒲原郡,district_total,7401,56,2026-01-01,936,936
153605,新潟県,南蒲原郡,district_total,10398,52,2026-01-01,938,938
153800,新潟県,東蒲原郡,district_total,8719,50,2026-01-01,940,940
154008,新潟県,三島郡,district_total,3766,20,2026-01-01,942,942
154601,新潟県,南魚沼郡,district_total,8304,916,2026-01-01,944,944
154806,新潟県,中魚沼郡,district_total,8241,166,2026-01-01,946,946
155004,新潟県,刈羽郡,district_total,4220,129,2026-01-01,948,948
155802,新潟県,岩船郡,district_total,4858,35,2026-01-01,950,950
160008,富山県,-,prefecture_total,998580,25712,2026-01-01,953,953
163201,富山県,中新川郡,district_total,45699,786,2026-01-01,964,964
163406,富山県,下新川郡,district_total,31825,705,2026-01-01,968,968
170003,石川県,-,prefecture_total,1089861,22905,2026-01-01,971,971
173207,石川県,能美郡,district_total,6071,69,2026-01-01,983,983
173606,石川県,河北郡,district_total,62877,924,2026-01-01,985,985
173801,石川県,羽咋郡,district_total,28777,500,2026-01-01,988,988
174009,石川県,鹿島郡,district_total,16258,208,2026-01-01,991,991
174602,石川県,鳳珠郡,district_total,20401,296,2026-01-01,993,993
180009,福井県,-,prefecture_total,739412,20792,2026-01-01,996,996
183202,福井県,吉田郡,district_total,17503,308,2026-01-01,1006,1006
183806,福井県,今立郡,district_total,2112,17,2026-01-01,1008,1008
184004,福井県,南条郡,district_total,9238,115,2026-01-01,1010,1010
184209,福井県,丹生郡,district_total,19446,332,2026-01-01,1012,1012
184403,福井県,三方郡,district_total,8537,84,2026-01-01,1014,1014
184802,福井県,大飯郡,district_total,16991,293,2026-01-01,1016,1016
185001,福井県,三方上中郡,district_total,13103,148,2026-01-01,1019,1019
190004,山梨県,-,prefecture_total,794684,24620,2026-01-01,1021,1021
193402,山梨県,西八代郡,district_total,14213,345,2026-01-01,1035,1035
193607,山梨県,南巨摩郡,district_total,30467,584,2026-01-01,1037,1037
193801,山梨県,中巨摩郡,district_total,21510,829,2026-01-01,1042,1042
194204,山梨県,南都留郡,district_total,50918,2242,2026-01-01,1044,1044
194409,山梨県,北都留郡,district_total,1105,17,2026-01-01,1051,1051
200000,長野県,-,prefecture_total,1995882,48888,2026-01-01,1054,1054
203009,長野県,南佐久郡,district_total,22205,761,2026-01-01,1074,1074
203203,長野県,北佐久郡,district_total,45240,1821,2026-01-01,1081,1081
203408,長野県,小県郡,district_total,9430,124,2026-01-01,1085,1085
203602,長野県,諏訪郡,district_total,40126,1012,2026-01-01,1088,1088
203807,長野県,上伊那郡,district_total,79925,2585,2026-01-01,1092,1092
204005,長野県,下伊那郡,district_total,54993,1180,2026-01-01,1099,1099
204200,長野県,木曽郡,district_total,23254,422,2026-01-01,1113,1113
204404,長野県,東筑摩郡,district_total,20435,342,2026-01-01,1120,1120
204803,長野県,北安曇郡,district_total,31195,2897,2026-01-01,1126,1126
205206,長野県,埴科郡,district_total,13588,580,2026-01-01,1131,1131
205401,長野県,上高井郡,district_total,17223,200,2026-01-01,1133,1133
205605,長野県,下高井郡,district_total,18884,1173,2026-01-01,1136,1136
205800,長野県,上水内郡,district_total,19710,278,2026-01-01,1140,1140
206008,長野県,下水内郡,district_total,1501,26,2026-01-01,1144,1144
210005,岐阜県,-,prefecture_total,1935253,78547,2026-01-01,1146,1146
213004,岐阜県,羽島郡,district_total,48355,1612,2026-01-01,1168,1168
213403,岐阜県,養老郡,district_total,25476,954,2026-01-01,1171,1171
213608,岐阜県,不破郡,district_total,31472,1322,2026-01-01,1173,1173
213802,岐阜県,安八郡,district_total,41409,1798,2026-01-01,1176,1176
214001,岐阜県,揖斐郡,district_total,61539,1767,2026-01-01,1180,1180
214205,岐阜県,本巣郡,district_total,18552,729,2026-01-01,1184,1184
215007,岐阜県,加茂郡,district_total,45223,1724,2026-01-01,1186,1186
215201,岐阜県,可児郡,district_total,17255,859,2026-01-01,1194,1194
216003,岐阜県,大野郡,district_total,1455,44,2026-01-01,1196,1196
220001,静岡県,-,prefecture_total,3544228,128273,2026-01-01,1198,1198
221015,静岡県,静岡市葵区,administrative_ward,242359,4254,2026-01-01,1200,1200
221023,静岡県,静岡市駿河区,administrative_ward,204947,6855,2026-01-01,1201,1201
221031,静岡県,静岡市清水区,administrative_ward,220197,4707,2026-01-01,1202,1202
221384,静岡県,浜松市中央区,administrative_ward,600660,26177,2026-01-01,1204,1204
221392,静岡県,浜松市浜名区,administrative_ward,153403,4509,2026-01-01,1205,1205
221406,静岡県,浜松市天竜区,administrative_ward,24283,495,2026-01-01,1206,1206
223000,静岡県,賀茂郡,district_total,36132,936,2026-01-01,1228,1228
223204,静岡県,田方郡,district_total,35945,486,2026-01-01,1234,1234
223409,静岡県,駿東郡,district_total,91721,2700,2026-01-01,1236,1236
224201,静岡県,榛原郡,district_total,34275,2838,2026-01-01,1240,1240
224600,静岡県,周智郡,district_total,16660,602,2026-01-01,1243,1243
230006,愛知県,-,prefecture_total,7473297,347971,2026-01-01,1245,1245
231011,愛知県,名古屋市千種区,administrative_ward,160719,7860,2026-01-01,1247,1247
231029,愛知県,名古屋市東区,administrative_ward,86212,4495,2026-01-01,1248,1248
231037,愛知県,名古屋市北区,administrative_ward,161389,7742,2026-01-01,1249,1249
231045,愛知県,名古屋市西区,administrative_ward,149123,5485,2026-01-01,1250,1250
231053,愛知県,名古屋市中村区,administrative_ward,139829,9182,2026-01-01,1251,1251
231061,愛知県,名古屋市中区,administrative_ward,102869,12186,2026-01-01,1252,1252
231070,愛知県,名古屋市昭和区,administrative_ward,107073,5270,2026-01-01,1253,1253
231088,愛知県,名古屋市瑞穂区,administrative_ward,108569,2717,2026-01-01,1254,1254
231096,愛知県,名古屋市熱田区,administrative_ward,65853,3115,2026-01-01,1255,1255
231100,愛知県,名古屋市中川区,administrative_ward,215998,10647,2026-01-01,1256,1256
231118,愛知県,名古屋市港区,administrative_ward,140269,12337,2026-01-01,1257,1257
231126,愛知県,名古屋市南区,administrative_ward,131380,8095,2026-01-01,1258,1258
231134,愛知県,名古屋市守山区,administrative_ward,175752,5589,2026-01-01,1259,1259
231142,愛知県,名古屋市緑区,administrative_ward,249551,6602,2026-01-01,1260,1260
231151,愛知県,名古屋市名東区,administrative_ward,159469,4634,2026-01-01,1261,1261
231169,愛知県,名古屋市天白区,administrative_ward,156666,4637,2026-01-01,1262,1262
233005,愛知県,愛知郡,district_total,43901,1866,2026-01-01,1300,1300
233404,愛知県,西春日井郡,district_total,15971,673,2026-01-01,1302,1302
233609,愛知県,丹羽郡,district_total,58794,1880,2026-01-01,1304,1304
234206,愛知県,海部郡,district_total,75156,4090,2026-01-01,1307,1307
234401,愛知県,知多郡,district_total,156417,5241,2026-01-01,1311,1311
235008,愛知県,額田郡,district_total,41880,1222,2026-01-01,1317,1317
235601,愛知県,北設楽郡,district_total,7487,135,2026-01-01,1319,1319
240001,三重県,-,prefecture_total,1724891,71504,2026-01-01,1323,1323
243001,三重県,桑名郡,district_total,5858,778,2026-01-01,1338,1338
243205,三重県,員弁郡,district_total,25525,791,2026-01-01,1340,1340
243400,三重県,三重郡,district_total,67412,2385,2026-01-01,1342,1342
244406,三重県,多気郡,district_total,43998,689,2026-01-01,1346,1346
244601,三重県,度会郡,district_total,39442,544,2026-01-01,1350,1350
245402,三重県,北牟婁郡,district_total,13415,495,2026-01-01,1355,1355
245607,三重県,南牟婁郡,district_total,17595,243,2026-01-01,1357,1357
250007,滋賀県,-,prefecture_total,1400761,44758,2026-01-01,1360,1360
253804,滋賀県,蒲生郡,district_total,31495,1315,2026-01-01,1374,1374
254207,滋賀県,愛知郡,district_total,20881,1289,2026-01-01,1377,1377
254401,滋賀県,犬上郡,district_total,20592,468,2026-01-01,1379,1379
260002,京都府,-,prefecture_total,2457815,91296,2026-01-01,1383,1383
261017,京都府,京都市北区,administrative_ward,106001,4103,2026-01-01,1385,1385
261025,京都府,京都市上京区,administrative_ward,75183,5396,2026-01-01,1386,1386
261033,京都府,京都市左京区,administrative_ward,149554,10079,2026-01-01,1387,1387
261041,京都府,京都市中京区,administrative_ward,106313,5547,2026-01-01,1388,1388
261050,京都府,京都市東山区,administrative_ward,32589,2443,2026-01-01,1389,1389
261068,京都府,京都市下京区,administrative_ward,77791,5109,2026-01-01,1390,1390
261076,京都府,京都市南区,administrative_ward,101099,7389,2026-01-01,1391,1391
261084,京都府,京都市右京区,administrative_ward,190387,7583,2026-01-01,1392,1392
261092,京都府,京都市伏見区,administrative_ward,263959,13497,2026-01-01,1393,1393
261106,京都府,京都市山科区,administrative_ward,125310,3474,2026-01-01,1394,1394
261114,京都府,京都市西京区,administrative_ward,141564,3191,2026-01-01,1395,1395
263001,京都府,乙訓郡,district_total,16536,205,2026-01-01,1410,1410
263206,京都府,久世郡,district_total,15078,1262,2026-01-01,1412,1412
263401,京都府,綴喜郡,district_total,15411,838,2026-01-01,1414,1414
263605,京都府,相楽郡,district_total,42381,484,2026-01-01,1417,1417
264008,京都府,船井郡,district_total,12101,305,2026-01-01,1422,1422
264601,京都府,与謝郡,district_total,20746,159,2026-01-01,1424,1424
270008,大阪府,-,prefecture_total,8775326,369529,2026-01-01,1427,1427
271021,大阪府,大阪市都島区,administrative_ward,107746,5518,2026-01-01,1429,1429
271039,大阪府,大阪市福島区,administrative_ward,82309,2703,2026-01-01,1430,1430
271047,大阪府,大阪市此花区,administrative_ward,63884,3431,2026-01-01,1431,1431
271063,大阪府,大阪市西区,administrative_ward,112763,8434,2026-01-01,1432,1432
271071,大阪府,大阪市港区,administrative_ward,80465,5686,2026-01-01,1433,1433
271080,大阪府,大阪市大正区,administrative_ward,61597,3097,2026-01-01,1434,1434
271098,大阪府,大阪市天王寺区,administrative_ward,85939,7252,2026-01-01,1435,1435
271110,大阪府,大阪市浪速区,administrative_ward,79736,14516,2026-01-01,1436,1436
271136,大阪府,大阪市西淀川区,administrative_ward,98757,7160,2026-01-01,1437,1437
271144,大阪府,大阪市東淀川区,administrative_ward,173265,10356,2026-01-01,1438,1438
271152,大阪府,大阪市東成区,administrative_ward,88466,9448,2026-01-01,1439,1439
271161,大阪府,大阪市生野区,administrative_ward,127883,31355,2026-01-01,1440,1440
271179,大阪府,大阪市旭区,administrative_ward,91353,3415,2026-01-01,1441,1441
271187,大阪府,大阪市城東区,administrative_ward,171019,7558,2026-01-01,1442,1442
271195,大阪府,大阪市阿倍野区,administrative_ward,113288,6194,2026-01-01,1443,1443
271209,大阪府,大阪市住吉区,administrative_ward,153007,7361,2026-01-01,1444,1444
271217,大阪府,大阪市東住吉区,administrative_ward,135035,7420,2026-01-01,1445,1445
271225,大阪府,大阪市西成区,administrative_ward,104963,17105,2026-01-01,1446,1446
271233,大阪府,大阪市淀川区,administrative_ward,187318,12152,2026-01-01,1447,1447
271241,大阪府,大阪市鶴見区,administrative_ward,111529,2702,2026-01-01,1448,1448
271250,大阪府,大阪市住之江区,administrative_ward,117254,7543,2026-01-01,1449,1449
271268,大阪府,大阪市平野区,administrative_ward,187054,10761,2026-01-01,1450,1450
271276,大阪府,大阪市北区,administrative_ward,143711,9471,2026-01-01,1451,1451
271284,大阪府,大阪市中央区,administrative_ward,120441,13699,2026-01-01,1452,1452
271411,大阪府,堺市堺区,administrative_ward,148082,7261,2026-01-01,1454,1454
271420,大阪府,堺市中区,administrative_ward,116950,2420,2026-01-01,1455,1455
271438,大阪府,堺市東区,administrative_ward,85875,1642,2026-01-01,1456,1456
271446,大阪府,堺市西区,administrative_ward,134676,2888,2026-01-01,1457,1457
271454,大阪府,堺市南区,administrative_ward,130153,3528,2026-01-01,1458,1458
271462,大阪府,堺市北区,administrative_ward,156365,2794,2026-01-01,1459,1459
271471,大阪府,堺市美原区,administrative_ward,36931,1240,2026-01-01,1460,1460
273007,大阪府,三島郡,district_total,33235,347,2026-01-01,1492,1492
273201,大阪府,豊能郡,district_total,26244,275,2026-01-01,1494,1494
273406,大阪府,泉北郡,district_total,16058,598,2026-01-01,1497,1497
273601,大阪府,泉南郡,district_total,64545,1202,2026-01-01,1499,1499
273805,大阪府,南河内郡,district_total,31407,398,2026-01-01,1503,1503
280003,兵庫県,-,prefecture_total,5364773,152381,2026-01-01,1507,1507
281018,兵庫県,神戸市東灘区,administrative_ward,210116,8895,2026-01-01,1509,1509
281026,兵庫県,神戸市灘区,administrative_ward,131967,5527,2026-01-01,1510,1510
281051,兵庫県,神戸市兵庫区,administrative_ward,110921,9060,2026-01-01,1511,1511
281069,兵庫県,神戸市長田区,administrative_ward,94561,8861,2026-01-01,1512,1512
281077,兵庫県,神戸市須磨区,administrative_ward,153330,3785,2026-01-01,1513,1513
281085,兵庫県,神戸市垂水区,administrative_ward,209102,3358,2026-01-01,1514,1514
281093,兵庫県,神戸市北区,administrative_ward,205641,3628,2026-01-01,1515,1515
281107,兵庫県,神戸市中央区,administrative_ward,142516,16535,2026-01-01,1516,1516
281115,兵庫県,神戸市西区,administrative_ward,228936,4523,2026-01-01,1517,1517
283002,兵庫県,川辺郡,district_total,28169,236,2026-01-01,1546,1546
283606,兵庫県,多可郡,district_total,18225,508,2026-01-01,1548,1548
283801,兵庫県,加古郡,district_total,65104,1419,2026-01-01,1550,1550
284408,兵庫県,神崎郡,district_total,38762,906,2026-01-01,1553,1553
284602,兵庫県,揖保郡,district_total,33270,411,2026-01-01,1557,1557
284807,兵庫県,赤穂郡,district_total,13317,291,2026-01-01,1559,1559
285005,兵庫県,佐用郡,district_total,14340,335,2026-01-01,1561,1561
285803,兵庫県,美方郡,district_total,27329,438,2026-01-01,1563,1563
290009,奈良県,-,prefecture_total,1293345,21291,2026-01-01,1566,1566
293202,奈良県,山辺郡,district_total,2965,37,2026-01-01,1579,1579
293407,奈良県,生駒郡,district_total,75096,1257,2026-01-01,1581,1581
293601,奈良県,磯城郡,district_total,45445,750,2026-01-01,1586,1586
293806,奈良県,宇陀郡,district_total,2526,28,2026-01-01,1590,1590
294004,奈良県,高市郡,district_total,10904,56,2026-01-01,1593,1593
294209,奈良県,北葛城郡,district_total,95777,1117,2026-01-01,1596,1596
294403,奈良県,吉野郡,district_total,33874,648,2026-01-01,1601,1601
300004,和歌山県,-,prefecture_total,889455,11357,2026-01-01,1613,1613
303003,和歌山県,海草郡,district_total,7506,72,2026-01-01,1623,1623
303402,和歌山県,伊都郡,district_total,21269,252,2026-01-01,1625,1625
303607,和歌山県,有田郡,district_total,41485,340,2026-01-01,1629,1629
303801,和歌山県,日高郡,district_total,46497,493,2026-01-01,1633,1633
304000,和歌山県,西牟婁郡,district_total,38476,780,2026-01-01,1640,1640
304204,和歌山県,東牟婁郡,district_total,32102,428,2026-01-01,1644,1644
310000,鳥取県,-,prefecture_total,527236,6437,2026-01-01,1650,1650
313009,鳥取県,岩美郡,district_total,10543,166,2026-01-01,1655,1655
313203,鳥取県,八頭郡,district_total,23683,183,2026-01-01,1657,1657
313602,鳥取県,東伯郡,district_total,51060,613,2026-01-01,1661,1661
313807,鳥取県,西伯郡,district_total,38030,379,2026-01-01,1666,1666
314005,鳥取県,日野郡,district_total,8713,67,2026-01-01,1671,1671
320005,島根県,-,prefecture_total,634459,11437,2026-01-01,1675,1675
323403,島根県,仁多郡,district_total,10762,176,2026-01-01,1684,1684
323802,島根県,飯石郡,district_total,4247,60,2026-01-01,1686,1686
324400,島根県,邑智郡,district_total,16182,196,2026-01-01,1688,1688
325007,島根県,鹿足郡,district_total,11662,274,2026-01-01,1692,1692
325201,島根県,隠岐郡,district_total,18051,161,2026-01-01,1695,1695
330001,岡山県,-,prefecture_total,1819524,41043,2026-01-01,1700,1700
331015,岡山県,岡山市北区,administrative_ward,293626,9356,2026-01-01,1702,1702
331023,岡山県,岡山市中区,administrative_ward,145356,2799,2026-01-01,1703,1703
331031,岡山県,岡山市東区,administrative_ward,90292,2151,2026-01-01,1704,1704
331040,岡山県,岡山市南区,administrative_ward,163495,3353,2026-01-01,1705,1705
333409,岡山県,和気郡,district_total,12648,392,2026-01-01,1720,1720
334201,岡山県,都窪郡,district_total,12742,113,2026-01-01,1722,1722
334405,岡山県,浅口郡,district_total,10719,174,2026-01-01,1724,1724
334600,岡山県,小田郡,district_total,12848,415,2026-01-01,1726,1726
335801,岡山県,真庭郡,district_total,755,16,2026-01-01,1728,1728
336009,岡山県,苫田郡,district_total,11903,194,2026-01-01,1730,1730
336203,岡山県,勝田郡,district_total,15998,228,2026-01-01,1732,1732
336408,岡山県,英田郡,district_total,1296,10,2026-01-01,1735,1735
336602,岡山県,久米郡,district_total,16529,260,2026-01-01,1737,1737
336807,岡山県,加賀郡,district_total,10014,339,2026-01-01,1740,1740
340006,広島県,-,prefecture_total,2706285,71171,2026-01-01,1742,1742
341011,広島県,広島市中区,administrative_ward,136992,5425,2026-01-01,1744,1744
341029,広島県,広島市東区,administrative_ward,116545,2287,2026-01-01,1745,1745
341037,広島県,広島市南区,administrative_ward,139821,2560,2026-01-01,1746,1746
341045,広島県,広島市西区,administrative_ward,184572,4915,2026-01-01,1747,1747
341053,広島県,広島市安佐南区,administrative_ward,241697,3114,2026-01-01,1748,1748
341061,広島県,広島市安佐北区,administrative_ward,135300,2792,2026-01-01,1749,1749
341070,広島県,広島市安芸区,administrative_ward,74440,1868,2026-01-01,1750,1750
341088,広島県,広島市佐伯区,administrative_ward,138544,1712,2026-01-01,1751,1751
343005,広島県,安芸郡,district_total,118247,2280,2026-01-01,1765,1765
343609,広島県,山県郡,district_total,21871,853,2026-01-01,1770,1770
344206,広島県,豊田郡,district_total,6636,357,2026-01-01,1773,1773
344605,広島県,世羅郡,district_total,14161,457,2026-01-01,1775,1775
345407,広島県,神石郡,district_total,7569,146,2026-01-01,1777,1777
350001,山口県,-,prefecture_total,1274535,22144,2026-01-01,1779,1779
353001,山口県,大島郡,district_total,13171,127,2026-01-01,1793,1793
353205,山口県,玖珂郡,district_total,5617,104,2026-01-01,1795,1795
353400,山口県,熊毛郡,district_total,26486,258,2026-01-01,1797,1797
355003,山口県,阿武郡,district_total,2861,28,2026-01-01,1801,1801
360007,徳島県,-,prefecture_total,691229,9569,2026-01-01,1803,1803
363006,徳島県,勝浦郡,district_total,5743,52,2026-01-01,1812,1812
363201,徳島県,名東郡,district_total,2075,15,2026-01-01,1815,1815
363405,徳島県,名西郡,district_total,28941,455,2026-01-01,1817,1817
363600,徳島県,那賀郡,district_total,6797,43,2026-01-01,1820,1820
363804,徳島県,海部郡,district_total,16789,361,2026-01-01,1822,1822
364002,徳島県,板野郡,district_total,96983,1325,2026-01-01,1826,1826
364606,徳島県,美馬郡,district_total,7138,59,2026-01-01,1832,1832
364801,徳島県,三好郡,district_total,12916,159,2026-01-01,1834,1834
370002,香川県,-,prefecture_total,931812,21480,2026-01-01,1836,1836
373206,香川県,小豆郡,district_total,24907,405,2026-01-01,1845,1845
373401,香川県,木田郡,district_total,26728,393,2026-01-01,1848,1848
373605,香川県,香川郡,district_total,2869,96,2026-01-01,1850,1850
373800,香川県,綾歌郡,district_total,41088,1445,2026-01-01,1852,1852
374008,香川県,仲多度郡,district_total,46385,1969,2026-01-01,1855,1855
380008,愛媛県,-,prefecture_total,1279431,19743,2026-01-01,1859,1859
383406,愛媛県,越智郡,district_total,5921,292,2026-01-01,1871,1871
383805,愛媛県,上浮穴郡,district_total,6693,37,2026-01-01,1873,1873
384003,愛媛県,伊予郡,district_total,49992,543,2026-01-01,1875,1875
384208,愛媛県,喜多郡,district_total,14394,98,2026-01-01,1878,1878
384402,愛媛県,西宇和郡,district_total,7496,111,2026-01-01,1880,1880
384801,愛媛県,北宇和郡,district_total,12319,148,2026-01-01,1882,1882
385000,愛媛県,南宇和郡,district_total,18070,178,2026-01-01,1885,1885
390003,高知県,-,prefecture_total,654213,7174,2026-01-01,1887,1887
393002,高知県,安芸郡,district_total,14709,271,2026-01-01,1899,1899
393401,高知県,長岡郡,district_total,5919,100,2026-01-01,1907,1907
393606,高知県,土佐郡,district_total,3762,57,2026-01-01,1910,1910
393801,高知県,吾川郡,district_total,24822,122,2026-01-01,1913,1913
394009,高知県,高岡郡,district_total,49023,379,2026-01-01,1916,1916
394203,高知県,幡多郡,district_total,15215,190,2026-01-01,1924,1924
400009,福岡県,-,prefecture_total,5076856,123731,2026-01-01,1928,1928
401013,福岡県,北九州市門司区,administrative_ward,89663,1393,2026-01-01,1930,1930
401030,福岡県,北九州市若松区,administrative_ward,78113,2049,2026-01-01,1931,1931
401056,福岡県,北九州市戸畑区,administrative_ward,54063,958,2026-01-01,1932,1932
401064,福岡県,北九州市小倉北区,administrative_ward,177308,6287,2026-01-01,1933,1933
401072,福岡県,北九州市小倉南区,administrative_ward,202612,2376,2026-01-01,1934,1934
401081,福岡県,北九州市八幡東区,administrative_ward,61193,1085,2026-01-01,1935,1935
401099,福岡県,北九州市八幡西区,administrative_ward,242683,4426,2026-01-01,1936,1936
401315,福岡県,福岡市東区,administrative_ward,334643,15731,2026-01-01,1938,1938
401323,福岡県,福岡市博多区,administrative_ward,249344,14537,2026-01-01,1939,1939
401331,福岡県,福岡市中央区,administrative_ward,202039,7542,2026-01-01,1940,1940
401340,福岡県,福岡市南区,administrative_ward,272058,8941,2026-01-01,1941,1941
401358,福岡県,福岡市西区,administrative_ward,210280,5020,2026-01-01,1942,1942
401366,福岡県,福岡市城南区,administrative_ward,127995,2108,2026-01-01,1943,1943
401374,福岡県,福岡市早良区,administrative_ward,224494,4215,2026-01-01,1944,1944
403407,福岡県,糟屋郡,district_total,234952,4715,2026-01-01,1972,1972
403806,福岡県,遠賀郡,district_total,89772,1343,2026-01-01,1980,1980
404004,福岡県,鞍手郡,district_total,21389,579,2026-01-01,1985,1985
404209,福岡県,嘉穂郡,district_total,12669,244,2026-01-01,1988,1988
404403,福岡県,朝倉郡,district_total,32714,552,2026-01-01,1990,1990
405001,福岡県,三井郡,district_total,16170,693,2026-01-01,1993,1993
405205,福岡県,三潴郡,district_total,13549,255,2026-01-01,1995,1995
405400,福岡県,八女郡,district_total,19051,564,2026-01-01,1997,1997
406007,福岡県,田川郡,district_total,68804,747,2026-01-01,1999,1999
406201,福岡県,京都郡,district_total,54786,1885,2026-01-01,2007,2007
406406,福岡県,築上郡,district_total,29615,396,2026-01-01,2010,2010
410004,佐賀県,-,prefecture_total,787887,12629,2026-01-01,2014,2014
413208,佐賀県,神埼郡,district_total,16180,361,2026-01-01,2025,2025
413402,佐賀県,三養基郡,district_total,53393,1040,2026-01-01,2027,2027
413801,佐賀県,東松浦郡,district_total,4703,18,2026-01-01,2031,2031
414000,佐賀県,西松浦郡,district_total,18251,213,2026-01-01,2033,2033
414204,佐賀県,杵島郡,district_total,36076,521,2026-01-01,2035,2035
414409,佐賀県,藤津郡,district_total,7683,116,2026-01-01,2039,2039
420000,長崎県,-,prefecture_total,1257843,17215,2026-01-01,2041,2041
423009,長崎県,西彼杵郡,district_total,68320,670,2026-01-01,2055,2055
423203,長崎県,東彼杵郡,district_total,33921,298,2026-01-01,2058,2058
423807,長崎県,北松浦郡,district_total,15894,123,2026-01-01,2062,2062
424005,長崎県,南松浦郡,district_total,16231,216,2026-01-01,2065,2065
430005,熊本県,-,prefecture_total,1702998,31751,2026-01-01,2067,2067
431010,熊本県,熊本市中央区,administrative_ward,176463,4192,2026-01-01,2069,2069
431028,熊本県,熊本市東区,administrative_ward,190239,2455,2026-01-01,2070,2070
431036,熊本県,熊本市西区,administrative_ward,89483,1248,2026-01-01,2071,2071
431044,熊本県,熊本市南区,administrative_ward,134118,1536,2026-01-01,2072,2072
431052,熊本県,熊本市北区,administrative_ward,138397,1958,2026-01-01,2073,2073
433403,熊本県,下益城郡,district_total,8368,121,2026-01-01,2087,2087
433608,熊本県,玉名郡,district_total,37489,1385,2026-01-01,2089,2089
434001,熊本県,菊池郡,district_total,80351,2326,2026-01-01,2094,2094
434205,熊本県,阿蘇郡,district_total,33955,975,2026-01-01,2097,2097
434400,熊本県,上益城郡,district_total,84373,1041,2026-01-01,2104,2104
434604,熊本県,八代郡,district_total,10496,288,2026-01-01,2110,2110
434809,熊本県,葦北郡,district_total,18534,110,2026-01-01,2112,2112
435007,熊本県,球磨郡,district_total,47552,564,2026-01-01,2115,2115
435201,熊本県,天草郡,district_total,6049,97,2026-01-01,2125,2125
440001,大分県,-,prefecture_total,1091304,22656,2026-01-01,2127,2127
443204,大分県,東国東郡,district_total,1663,4,2026-01-01,2142,2142
443409,大分県,速見郡,district_total,27613,296,2026-01-01,2144,2144
444600,大分県,玖珠郡,district_total,21520,328,2026-01-01,2146,2146
450006,宮崎県,-,prefecture_total,1036017,12736,2026-01-01,2149,2149
453404,宮崎県,北諸県郡,district_total,25427,200,2026-01-01,2159,2159
453609,宮崎県,西諸県郡,district_total,8224,86,2026-01-01,2161,2161
453803,宮崎県,東諸県郡,district_total,24740,281,2026-01-01,2163,2163
454001,宮崎県,児湯郡,district_total,65101,998,2026-01-01,2166,2166
454206,宮崎県,東臼杵郡,district_total,24884,220,2026-01-01,2173,2173
454401,宮崎県,西臼杵郡,district_total,17036,101,2026-01-01,2178,2178
460001,鹿児島県,-,prefecture_total,1541314,21221,2026-01-01,2182,2182
463001,鹿児島県,鹿児島郡,district_total,1007,22,2026-01-01,2202,2202
463809,鹿児島県,薩摩郡,district_total,18291,522,2026-01-01,2205,2205
464007,鹿児島県,出水郡,district_total,9150,113,2026-01-01,2207,2207
464406,鹿児島県,姶良郡,district_total,8114,126,2026-01-01,2209,2209
464601,鹿児島県,曽於郡,district_total,11775,630,2026-01-01,2211,2211
464805,鹿児島県,肝属郡,district_total,31131,549,2026-01-01,2213,2213
465003,鹿児島県,熊毛郡,district_total,23227,233,2026-01-01,2218,2218
465208,鹿児島県,大島郡,district_total,60022,554,2026-01-01,2222,2222
470007,沖縄県,-,prefecture_total,1484002,32912,2026-01-01,2234,2234
473006,沖縄県,国頭郡,district_total,64536,2438,2026-01-01,2246,2246
473201,沖縄県,中頭郡,district_total,160821,4185,2026-01-01,2256,2256
473405,沖縄県,島尻郡,district_total,108646,1222,2026-01-01,2263,2263
473707,沖縄県,宮古郡,district_total,1027,20,2026-01-01,2276,2276
473804,沖縄県,八重山郡,district_total,5936,214,2026-01-01,2278,2278
